callen.lawson,Callen,Lawson,Person
emyr.jennings,Emyr,Jennings,Person
fletcher.mcbride,Fletcher,Mcbride,Person
jim.buck,Jim,Buck,Person
lacie-mae.mcgee,Lacie-Mae,Mcgee,Person
lacey-mai.mccarty,Lacey-Mai,Mccarty,Person
zain.hopper,Zain,Hopper,Person
duke.beattie,Duke,Beattie,Person
tyrese.castillo,Tyrese,Castillo,Person
ayaan.mendez,Ayaan,Mendez,Person
aaminah.seymour,Aaminah,Seymour,Person
tyler-james.Morse,Tyler-James,Morse,Person
rihanna.osborn,Rihanna,Osborn,Person
roan.bennett,Roan,Bennett,Person
star.ferry,Star,Ferry,Person
killian.austin,Killian,Austin,Person
sinead.fountain,Sinead,Fountain,Person
josh.gilliam,Josh,Gilliam,Person
madison.glenn,Madison,Glenn,Person
isaiah.howell,Isaiah,Howell,Person
ethan.cantu,Ethan,Cantu,Person
charlotte.penn,Charlotte,Penn,Person
millie.bridges,Millie,Bridges,Person
patience.hall,Patience,Hall,Person
ayat.mac,Ayat,Mac,Person
mina.knapp,Mina,Knapp,Person
myron.rice,Myron,Rice,Person
lorena.hatfield,Lorena,Hatfield,Person
eliza.david,Eliza,David,Person
jeff.sellers,Jeff,Sellers,Person
francisco.cisneros,Francisco,Cisneros,Person
giles.farrow,Giles,Farrow,Person
collette.thomas,Collette,Thomas,Person
nevaeh.schultz,Nevaeh,Schultz,Person
daisy-may.cordova,Daisy-May,Cordova,Person
mohammed.santos,Mohammed,Santos,Person
dana.emery,Dana,Emery,Person
kendrick.major,Kendrick,Major,Person
elli.mcgill,Elli,Mcgill,Person
muskaan.talley,Muskaan,Talley,Person
sahil.singleton,Sahil,Singleton,Person
nyla.naylor,Nyla,Naylor,Person
clarice.wilkins,Clarice,Wilkins,Person
preston.connor,Preston,Connor,Person
abdul.edwards,Abdul,Edwards,Person
jamel.howard,Jamel,Howard,Person
summer.hoffman,Summer,Hoffman,Person
huw.shepard,Huw,Shepard,Person
jemimah.watson,Jemimah,Watson,Person
braiden.osborne,Braiden,Osborne,Person
raul.stuart,Raul,Stuart,Person
ammaar.mccartney,Ammaar,Mccartney,Person
paloma.cummings,Paloma,Cummings,Person
jaxon.cunningham,Jaxon,Cunningham,Person
shirley.richard,Shirley,Richard,Person
hilary.cresswell,Hilary,Cresswell,Person
isabella.joyner,Isabella,Joyner,Person
tyla.spencer,Tyla,Spencer,Person
seth.rodgers,Seth,Rodgers,Person
maude.traynor,Maude,Traynor,Person
conner.peacock,Conner,Peacock,Person
daisie.douglas,Daisie,Douglas,Person
vanessa.benson,Vanessa,Benson,Person
emeli.herbert,Emeli,Herbert,Person
brian.kendall,Brian,Kendall,Person
dario.dupont,Dario,Dupont,Person
devin.huber,Devin,Huber,Person
sonny.oconnor,Sonny,Oconnor,Person
maliha.franklin,Maliha,Franklin,Person
abbie.gunn,Abbie,Gunn,Person
lubna.whitehead,Lubna,Whitehead,Person
nile.mann,Nile,Mann,Person
honor.cotton,Honor,Cotton,Person
taliah.mayo,Taliah,Mayo,Person
graham.braun,Graham,Braun,Person
roberto.pearce,Roberto,Pearce,Person
alisa.timms,Alisa,Timms,Person
kristopher.rogers,Kristopher,Rogers,Person
catrin.villarreal,Catrin,Villarreal,Person
adela.moore,Adela,Moore,Person
abdi.head,Abdi,Head,Person
haseeb.mckinney,Haseeb,Mckinney,Person
arnav.mohamed,Arnav,Mohamed,Person
aryan.garcia,Aryan,Garcia,Person
angelina.joyce,Angelina,Joyce,Person
andrea.bates,Andrea,Bates,Person
emre.guest,Emre,Guest,Person
lennie.skinner,Lennie,Skinner,Person
dora.markham,Dora,Markham,Person
bayley.cross,Bayley,Cross,Person
leia.lara,Leia,Lara,Person
huseyin.duran,Huseyin,Duran,Person
carol.magana,Carol,Magana,Person
eloisa.leach,Eloisa,Leach,Person
carina.sharma,Carina,Sharma,Person
dawson.mcgowan,Dawson,Mcgowan,Person
parker.doyle,Parker,Doyle,Person
lewis.briggs,Lewis,Briggs,Person
brenna.silva,Brenna,Silva,Person
safah.scott,Safah,Scott,Person
